ID,NAME,MASS,PEPTIDE,LENGTH,SCORE(MDDPR),p(MSGF),p(MSDPR),p(MCMC),p(MC)
1,Fr1.720.720.2,436.21167,PPAEDSQK,8,7,0.35477757,2.77E-07,4.50E-07,4.00E-07
3,Fr1.971.971.2,436.21164,PPAEDSQK,8,11,0.09691919,4.01E-10,0,
4,Fr1.989.989.2,436.21194,PPAEDSQK,8,8,0.10236695,8.22E-07,7.50E-07,7.50E-07
5,Fr1.1009.1009.2,436.2119,PPAEDSQK,8,10,0.1101074,8.58E-09,1.80E-10,
6,Fr1.1059.1059.2,436.21185,PPAEDSQK,8,7,0.065602414,2.98E-07,1.20E-06,1.80E-06
7,Fr1.1184.1184.2,461.21185,EEAESATGK,9,8,0.0020490019,2.12E-07,7.80E-05,8.10E-05
8,Fr1.1201.1201.2,531.24677,SSSGAGEGQGPK,12,9,0.0005053139,3.94E-09,6.00E-12,
9,Fr1.1208.1208.2,461.21207,EEAESATGK,9,7,0.0012312277,1.83E-06,1.10E-04,1.10E-04
17,Fr1.1485.1485.2,535.7474,GQGDPGSNPNK,11,11,0.008737291,1.24E-09,1.70E-06,1.40E-06
20,Fr1.1561.1561.2,535.7471,GQGDPGSNPNK,11,9,0.26615208,5.07E-07,7.79E-05,7.48E-05
23,Fr1.1648.1648.2,579.2634,SGQGDPGSNPNK,12,13,1.0721877E-05,3.08E-10,,
28,Fr1.1812.1812.2,579.26294,SGQGDPGSNPNK,12,11,9.1680464E-05,4.43E-10,,
29,Fr1.1826.1826.2,436.72717,PTTNPSAGK,9,9,0.0013285121,1.75E-08,,
30,Fr1.1915.1915.2,436.727,PTTNPSAGK,9,11,0.0005299617,5.99E-10,,
32,Fr1.1930.1930.2,525.2408,ATAAGSEDAEK,11,10,0.0001864821,2.03E-09,,
33,Fr1.1974.1974.3,495.56644,HSNAAQTQTGEANR,14,11,0.0057986225,4.13E-10,,
34,Fr1.1976.1976.3,577.2506,GSQGTSGSANDSQHDPGK,18,6,3.4130226E-05,5.22E-05,,
35,Fr1.1988.1988.2,414.6899,GPDGPEEK,8,7,0.051413085,1.02E-06,1.05E-05,1.00E-05
36,Fr1.2076.2076.2,414.6899,GPDGPEEK,8,8,0.01208224,1.72E-06,3.22E-05,3.40E-05
39,Fr1.2116.2116.2,544.74634,GEEEPSQGQK,10,8,0.13963959,1.13E-07,3.28E-07,3.60E-07
40,Fr1.2123.2123.2,838.85913,SAGGSGGAGGGEQNGQEEK,19,12,0.0001523778,1.62E-09,,
41,Fr1.2138.2138.3,559.5754,SAGGSGGAGGGEQNGQEEK,19,,1.6899577E-08,,,
42,Fr1.2142.2142.2,755.3001,DTSENADGQSDENK,14,,3.3586708E-05,,,
44,Fr1.2174.2174.2,414.69067,GPDGPEEK,8,,0.035603393,,,
45,Fr1.2176.2176.3,538.25287,QHSNAAQTQTGEANR,15,,0.0043643336,,,
47,Fr1.2252.2252.2,755.2999,DTSENADGQSDENK,14,,6.6205166E-11,,,
48,Fr1.2283.2283.2,414.6906,GPDGPEEK,8,,0.022225862,,,
49,Fr1.2336.2336.2,544.7458,GEEEPSQGQK,10,,0.19918802,,,
50,Fr1.2351.2351.2,698.8137,VGTESGSESGSSNAK,15,,0.34694007,,,
51,Fr1.2390.2390.2,414.69046,GPDGPEEK,8,,0.016542712,,,
57,Fr1.2492.2492.2,762.3501,ASGASSSQEAGSSQAAK,17,,2.9865373E-07,,,
58,Fr1.2505.2505.2,414.69073,GPDGPEEK,8,,0.044457175,,,
62,Fr1.2579.2579.2,650.31866,NQSSSPQPAQQK,12,,0.002786438,,,
63,Fr1.2635.2635.2,818.32465,DDNEDNSNDGTQPSK,15,,0.027801808,,,
66,Fr1.2667.2667.2,626.7383,TEEDEEEDEK,10,,5.503283E-05,,,
68,Fr1.2732.2732.2,849.32587,NGGTNEESNSSGNTNTD,17,,0.26087278,,,
71,Fr1.2805.2805.3,572.58704,VPGGGGGGGSGGGGGSGGGGSGGGR,25,,0.011234637,,,
73,Fr1.2851.2851.3,426.5379,GTVSQEEEDRK,11,,0.00487462,,,
74,Fr1.2866.2866.2,687.3438,AAQAAAQTNSNAAGK,15,,0.12858588,,,
75,Fr1.2870.2870.3,651.26276,GASEEQSQNDEDNQGSEK,18,,3.835422E-06,,,
76,Fr1.2872.2872.2,976.3912,GASEEQSQNDEDNQGSEK,18,,2.0169814E-08,,,
78,Fr1.2926.2926.2,879.3814,SSSSGSGSGSTSAGSSSPGAR,21,,4.76852E-12,,,
79,Fr1.2928.2928.4,417.4627,KAEGGGGGGRPGAPAAGDGK,20,,0.0004775719,,,
80,Fr1.2933.2933.4,603.0212,SESSQREGRGESENAGTNQETR,22,,0.0003974445,,,
81,Fr1.2934.2934.3,556.28,KAEGGGGGGRPGAPAAGDGK,20,,0.0001515682,,,
82,Fr1.2935.2935.3,586.58936,SSSSGSGSGSTSAGSSSPGAR,21,,0.0929767,,,
83,Fr1.2942.2942.3,803.6919,SESSQREGRGESENAGTNQETR,22,,0.034352057,,,
85,Fr1.2960.2960.2,568.24677,GEDTTEEAQR,10,,0.0003485981,,,
86,Fr1.2962.2962.2,742.3835,ALQQQQQQQQQK,12,,1.0715935E-08,,,
87,Fr1.2965.2965.3,495.2588,ALQQQQQQQQQK,12,,5.6519457E-06,,,
88,Fr1.2989.2989.2,667.8118,GGTVSQEEEDRK,12,,0.0006960288,,,
